<RSAKeyValue><Modulus>6TAFZ6j45FFZ41QXmlylthkGzVMLUdlF2dguHIbjMo+agvfDiYIz6e1qthqU+m0ZBs/TzPxbnZNauvWfKfRXJl7+B+M7z32aqrbp3aLQK1qrF7QOAxl7t5Y2s41ygX09lyux5HN+tPkYB50WiLXsVxzvO4H4NzC93iilz2fq/Xk=</Modulus><Exponent>AQAB</Exponent><P>+6lvFV3BSsjj/jbZUn/NTt/1xiRANQlrD9FSE3u1/373BECWmyPsvM7zSHqJjgpgNjzevgaRWY0teHMYzJUEqw==</P><Q>7TUPwTp/TpLLPy1FaMQNMYMCpZBZV776J0eXthfhK2UdXzlSsQ++FI6cGdEdk6+1GXMp8AiQA6hmv/V5sUIeaw==</Q><DP>a7BZRH9WEzZbuZCm9lKR/EqB1UP15bweACrGQGgTvT0LXtp0l/aLe0/jcwRckFeITC1H83DECdoLtxspZYHu+Q==</DP><DQ>0p9a7ehTQiF19xLrnqr2TBBYOUqDCja5SEd5nmZ1uWJ/Qh5UHoQr83Tthr731DsgQwjPJCN2PMk68xe0hoB/IQ==</DQ><InverseQ>GM/bJ0XG564983FBAMQu9axPRR3+v4i46l/d0bvjz4t0Q65q250T36MRj+2GP0zjEpFyVniCw5Gu17r7M2I6Lw==</InverseQ><D>AWJUleHt4EUPWIcWQMdOAH+zh6J3jbvRa1KaK3ctgA5UJ3TbB0Trk/bhzETqH3ZoUJ8JLc1NqejHABcXI8OchM3isAiQK/f0279D6Pcs4Qn6pZzjUvoP0mxYG+t6tj9Y4qrXkjkQe/XyaGZI7//WMIfMWTvixUtlIrM3WdY12fU=</D></RSAKeyValue>